0,0,15,Simon,Bertilsson,D,73,1095,0,0,0,0,0
0,0,29,Oscar,Birgersson,C,72,1080,0,0,0,0,0
0,0,24,Hannes,Björninen,C,68,1020,0,0,0,0,0
0,0,44,Jacob,Blomqvist,C,24,360,0,0,0,0,0
0,0,34,Oscar,Eklind,LF,31,465,0,0,0,0,0
0,0,22,Axel,Eriksson,D,32,480,0,0,0,0,0
0,0,3,Niklas,Friman,D,84,1260,0,0,0,0,0
0,0,13,Samuel,Johannesson,D,53,795,0,0,0,0,0
0,0,28,Johannes,Kinnvall,D,38,570,0,0,0,0,0
0,0,76,Oskar,Kvist,LF,29,435,0,0,0,0,0
0,0,10,Johan,Larsson,C,11,165,0,0,0,0,0
0,0,39,Anders,Lindbäck,G,37,555,0,0,0,0,0
0,0,4,Theo,Lindstein,D,16,240,0,0,0,0,0
0,0,14,Alexander,Ljungkrantz,LF,100,1500,0,0,0,0,0
0,0,38,Mikko,Niemelä,D,24,360,0,0,0,0,0
0,0,43,Noel,Nordh,LF,3,45,0,0,0,0,0
0,0,95,Nick,Olesen,RF,30,450,0,0,0,0,0
0,0,25,Jussi,Olkinuora,G,59,885,0,0,0,0,0
0,0,36,Linus,Olund ,C,4,60,0,0,0,0,0
0,0,20,Oula,Palve,C,53,795,0,0,0,0,0
0,0,18,Anton,Rödin ,LF,43,645,0,0,0,0,0
0,0,41,Greg,Scott,C,40,600,0,0,0,0,0
0,0,90,David,Skleni?ka,D,30,450,0,0,0,0,0
0,0,9,William,Strömgren,LF,70,1050,0,0,0,0,0
0,0,88,Dmytro,Timashov,LF,82,1230,0,0,0,0,0
0,0,7,Johan,Alm,D,83,1245,0,0,0,0,0
0,0,8,Linus,Arnesson,D,23,345,0,0,0,0,0
0,0,26,Emil,Berglund,C,66,990,0,0,0,0,0
0,0,53,David,Blomgren,LF,44,660,0,0,0,0,0
0,0,34,Daniel,Brodin,RF,51,765,0,0,0,0,0
0,0,74,Nicklas,Danielsson,RF,59,885,0,0,0,0,0
0,0,6,Stefan,Elliott,D,21,315,0,0,0,0,0
0,0,41,Alexander,Falk,D,58,870,0,0,0,0,0
0,0,58,Fredrik,Forsberg,LF,3,45,0,0,0,0,0
0,0,30,Matthew,Galajda,G,7,105,0,0,0,0,0
0,0,33,Daniel,Glad,D,15,225,0,0,0,0,0
0,0,4,Edvin,Hammarlund,D,12,180,0,0,0,0,0
0,0,42,Ludvig,Hedström,D,19,285,0,0,0,0,0
0,0,90,Kevin,Karlsson,D,10,150,0,0,0,0,0
0,0,86,Linus,Klasen,LF,23,345,0,0,0,0,0
0,0,32,Marcus,Krüger ,C,4,60,0,0,0,0,0
0,0,88,Jonathan,Lekkerimäki,RF,56,840,0,0,0,0,0
0,0,35,Carl,Lindbom,G,100,1500,0,0,0,0,0
0,0,44,Olle,Liss,RF,60,900,0,0,0,0,0
0,0,62,Wiktor,Nilsson,RF,88,1320,0,0,0,0,0
0,0,37,John,Norman ,C,81,1215,0,0,0,0,0
0,0,20,Calle,Odelius,D,91,1365,0,0,0,0,0
0,0,28,Liam,Öhgren,LF,96,1440,0,0,0,0,0
0,0,45,Noah,Östlund,C,55,825,0,0,0,0,0
0,0,24,Ludvig,Rensfeldt ,C,70,1050,0,0,0,0,0
0,0,9,Cameron,Schilling,D,60,900,0,0,0,0,0
0,0,14,Lukas,Vejdemo,C,72,1080,0,0,0,0,0
0,0,3,Alexander,Ytterell,D,49,735,0,0,0,0,0
0,0,36,Jonathan,Andersen,C,63,945,0,0,0,0,0
0,0,7,Axel,Bergkvist,D,7,105,0,0,0,0,0
0,0,8,Anton,Berglund,D,81,1215,0,0,0,0,0
0,0,41,Henrik,Björklund,RF,93,1395,0,0,0,0,0
0,0,88,Brandon,Davidson,D,7,105,0,0,0,0,0
0,0,14,Victor,Ejdsell ,C,65,975,0,0,0,0,0
0,0,18,Remi,Elie,LF,55,825,0,0,0,0,0
0,0,91,Eric,Engstrand,LF,4,60,0,0,0,0,0
0,0,29,Lucas,Forsell,RF,47,705,0,0,0,0,0
0,0,28,Mattias,Göransson,D,6,90,0,0,0,0,0
0,0,35,Dennis,Hildeby,G,68,1020,0,0,0,0,0
0,0,82,Jasse,Ikonen,C,100,1500,0,0,0,0,0
0,0,59,Linus,Johansson ,C,36,540,0,0,0,0,0
0,0,4,Oscar,Lawner,LF,50,750,0,0,0,0,0
0,0,81,Theodor,Lennström,D,47,705,0,0,0,0,0
0,0,34,Michael,Lindqvist,RF,97,1455,0,0,0,0,0
0,0,55,Max,Lindroth,D,9,135,0,0,0,0,0
0,0,79,Patrik,Lundh,F,86,1290,0,0,0,0,0
0,0,10,Marcus,Nilsson,LF,77,1155,0,0,0,0,0
0,0,11,Joakim,Nygård ,LF,40,600,0,0,0,0,0
0,0,26,Joel,Nyström,D,90,1350,0,0,0,0,0
0,0,23,Ville,Pokka,D,10,150,0,0,0,0,0
0,0,90,Matt,Tomkins,G,11,165,0,0,0,0,0
0,0,52,August,Tornberg,D,94,1410,0,0,0,0,0
0,0,13,Daniel,Viksten,RF,65,975,0,0,0,0,0
0,0,20,Marcus,Westfält,C,61,915,0,0,0,0,0
0,0,3,Jens,Westin,D,77,1155,0,0,0,0,0
0,0,67,Pontus,Widerström,C,41,615,0,0,0,0,0
0,0,12,Albert,Wikman,D,61,915,0,0,0,0,0
0,0,6,Mikael,Wikstrand,D,4,60,0,0,0,0,0
0,0,22,Per,Åslund,LF,50,750,0,0,0,0,0
0,0,11,Erik,Borg,C,18,270,0,0,0,0,0
0,0,74,Andreas,Borgman,D,39,585,0,0,0,0,0
0,0,17,Isac,Born,C,91,1365,0,0,0,0,0
0,0,72,Patrik,Carlsson,C/LF,32,480,0,0,0,0,0
0,0,80,Frederik,Dichow,G,85,1275,0,0,0,0,0
0,0,55,Noah,Dower,C,98,1470,0,0,0,0,0
0,0,18,David,Edstrom,C,69,1035,0,0,0,0,0
0,0,21,Loui,Eriksson,LF,23,345,0,0,0,0,0
0,0,2,Christian,Folin ,D,29,435,0,0,0,0,0
0,0,12,Max,Friberg,LF,42,630,0,0,0,0,0
0,0,28,Anthony,Greco,RF,51,765,0,0,0,0,0
0,0,15,Anders,Grönlund,D,35,525,0,0,0,0,0
0,0,6,Filip,Hasa,D,13,195,0,0,0,0,0
0,0,32,Noah,Hasa,C,55,825,0,0,0,0,0
0,0,27,Jere,Innala,LF,7,105,0,0,0,0,0
0,0,5,Filip,Johansson,D,89,1335,0,0,0,0,0
0,0,1,Lars,Johansson,G,88,1320,0,0,0,0,0
0,0,25,Pontus,Johansson,D,50,750,0,0,0,0,0
0,0,81,Ryan,Lasch,RF,96,1440,0,0,0,0,0
0,0,31,Nicklas,Lasu ,C,72,1080,0,0,0,0,0
0,0,40,Petteri,Lindbohm,D,90,1350,0,0,0,0,0
0,0,20,Joel,Lundqvist ,C,64,960,0,0,0,0,0
0,0,3,Stefan,Milosevic,D,20,300,0,0,0,0,0
0,0,9,Jan,Muršak,C,27,405,0,0,0,0,0
0,0,22,Linus,Nässén,C,70,1050,0,0,0,0,0
0,0,67,Jacob,Nilsson,C/LF,37,555,0,0,0,0,0
0,0,43,Tom,Nilsson,D,40,600,0,0,0,0,0
0,0,51,Mats,Rosseli,RF,34,510,0,0,0,0,0
0,0,16,Otto,Stenberg,C,97,1455,0,0,0,0,0
0,0,28,Johan,Sundström,RF,46,690,0,0,0,0,0
0,0,13,Rasmus,Bengtsson,D,2,30,0,0,0,0,0
0,0,41,Chad,Billins,D,7,105,0,0,0,0,0
0,0,89,Mikkel,Bødker,RF,35,525,0,0,0,0,0
0,0,56,Fredrik,Forsberg,RF,74,1110,0,0,0,0,0
0,0,37,Jonas,Gunnarsson,G,23,345,0,0,0,0,0
0,0,77,Herman,Hansson,LF,81,1215,0,0,0,0,0
0,0,4,Niklas,Hjalmarsson ,D,58,870,0,0,0,0,0
0,0,67,Oliwer,Kaski,D,28,420,0,0,0,0,0
0,0,16,Joey,LaLeggia,D,75,1125,0,0,0,0,0
0,0,75,Radan,Lenc,LF,79,1185,0,0,0,0,0
0,0,33,Måns,Lindbäck,RF,33,495,0,0,0,0,0
0,0,12,Kalle,Maalahti,D,62,930,0,0,0,0,0
0,0,9,Taylor,Matson ,C,97,1455,0,0,0,0,0
0,0,51,Andy,Miele ,C,28,420,0,0,0,0,0
0,0,24,Oscar,Fisker,F,70,1050,0,0,0,0,0
0,0,28,Joonas,Nättinen,C,11,165,0,0,0,0,0
0,0,11,Simon,Önerud,C,15,225,0,0,0,0,0
0,0,31,Joni,Ortio,G,63,945,0,0,0,0,0
0,0,40,André,Petersson ,LF,96,1440,0,0,0,0,0
0,0,23,Nick,Shore,C,56,840,0,0,0,0,0
0,0,5,Victor,Sjöholm,D,76,1140,0,0,0,0,0
0,0,21,Mattias,Tedenby,LF,68,1020,0,0,0,0,0
0,0,38,Nichlas,Torp,D,78,1170,0,0,0,0,0
0,0,71,Tyler,Vesel,C,22,330,0,0,0,0,0
0,0,19,Sam,Vigneault,C,51,765,0,0,0,0,0
0,0,93,Cameron,Brace,RF,50,750,0,0,0,0,0
0,0,18,Niclas,Burström,D,26,390,0,0,0,0,0
0,0,23,Blaine,Byron,C,50,750,0,0,0,0,0
0,0,35,Joe,Cannata,G,32,480,0,0,0,0,0
0,0,22,John,Dahlström,LF,97,1455,0,0,0,0,0
0,0,17,Jonas,Engström ,LF,10,150,0,0,0,0,0
0,0,41,Johan,Johnsson,C,48,720,0,0,0,0,0
0,0,31,Tim,Juel,G,47,705,0,0,0,0,0
0,0,89,Patrik,Karlkvist ,RF,34,510,0,0,0,0,0
0,0,76,Emil,Martinsen,D,36,540,0,0,0,0,0
0,0,56,Robin,Norell,D,4,60,0,0,0,0,0
0,0,79,Ahti,Oksanen,LF,76,1140,0,0,0,0,0
0,0,26,Lukas,Pilö,D,96,1440,0,0,0,0,0
0,0,19,Hampus,Plato,C,57,855,0,0,0,0,0
0,0,21,Myles,Powell,LF,46,690,0,0,0,0,0
0,0,55,David,Quenneville,D,76,1140,0,0,0,0,0
0,0,50,Juuso,Riikola ,D,34,510,0,0,0,0,0
0,0,25,Johannes,Salmonsson ,LF,96,1440,0,0,0,0,0
0,0,13,Jiri,Smejkal,LF,38,570,0,0,0,0,0
0,0,46,Liam,Svensson,C,62,930,0,0,0,0,0
0,0,3,William,Worge,D,95,1425,0,0,0,0,0
0,0,20,Hynek,Zohorna,RF,75,1125,0,0,0,0,0
0,0,55,Jonas,Ahnelöv ,D,91,1365,0,0,0,0,0
0,0,38,Olle,Alsing,D,36,540,0,0,0,0,0
0,0,40,Mantas,Armalis,G,2,30,0,0,0,0,0
0,0,44,Carter,Ashton,LF,17,255,0,0,0,0,0
0,0,20,Lian,Bichsel,D,7,105,0,0,0,0,0
0,0,8,Matthew,Caito,D,38,570,0,0,0,0,0
0,0,34,Peter,Cehlarik,LF,19,285,0,0,0,0,0
0,0,34,Arvid,Eljas,C,24,360,0,0,0,0,0
0,0,36,Lucas,Elvenes,LF,5,75,0,0,0,0,0
0,0,10,Johan,Fransson,D,50,750,0,0,0,0,0
0,0,27,Marek,Hrivík,C,31,465,0,0,0,0,0
0,0,3,Anton,Johansson,D,31,465,0,0,0,0,0
0,0,7,Marcus,Karlberg,LF,15,225,0,0,0,0,0
0,0,11,Martin,Karlsson ,LF,10,150,0,0,0,0,0
0,0,28,Justin,Kloos,C,47,705,0,0,0,0,0
0,0,13,Jon,Knuts,LF,54,810,0,0,0,0,0
0,0,14,Oskar,Lang,LF,95,1425,0,0,0,0,0
0,0,37,Anton,Lindholm,D,77,1155,0,0,0,0,0
0,0,26,Patrik,Norén ,D,57,855,0,0,0,0,0
0,0,12,Kalle,Östman,C,95,1425,0,0,0,0,0
0,0,23,Mikael,Ruohomaa,C,78,1170,0,0,0,0,0
0,0,24,Felix,Unger,F,87,1305,0,0,0,0,0
0,0,9,Patrik,Zackrisson ,C,51,765,0,0,0,0,0
0,0,25,Filip,Bystedt,C,3,45,0,0,0,0,0
0,0,14,Arvid,Costmar,C,16,240,0,0,0,0,0
0,0,21,Christoffer,Ehn,LF,73,1095,0,0,0,0,0
0,0,5,Oscar,Fantenberg,D,70,1050,0,0,0,0,0
0,0,22,Vilmos,Galló,LF,61,915,0,0,0,0,0
0,0,3,Linus,Hultström,D,14,210,0,0,0,0,0
0,0,4,Mattias,Hävelid,D,41,615,0,0,0,0,0
0,0,63,Marcus,Högberg,G,43,645,0,0,0,0,0
0,0,44,Jonas,Junland ,D,9,135,0,0,0,0,0
0,0,41,Broc,Little ,LF,74,1110,0,0,0,0,0
0,0,61,Markus,Ljungh ,C,80,1200,0,0,0,0,0
0,0,31,Jesper,Myrenberg,G,99,1485,0,0,0,0,0
0,0,28,John,Nyberg,D,49,735,0,0,0,0,0
0,0,52,Petrus,Palmu,LF,28,420,0,0,0,0,0
0,0,37,Jesper,Pettersson ,D,84,1260,0,0,0,0,0
0,0,39,Ty,Rattie,RF,74,1110,0,0,0,0,0
0,0,19,Patrick,Russell,LF,21,315,0,0,0,0,0
0,0,56,Elias,Sjöström,D,45,675,0,0,0,0,0
0,0,17,Sebastian,Strandberg,C,97,1455,0,0,0,0,0
0,0,11,Henrik,Törnqvist,RF,24,360,0,0,0,0,0
0,0,26,Fabian,Wagner,C,27,405,0,0,0,0,0
0,0,29,Georg,Weigelt,C,28,420,0,0,0,0,0
0,0,44,Jonathan,Andersson,D,58,870,0,0,0,0,0
0,0,14,Jonas,Berglund,C,47,705,0,0,0,0,0
0,0,17,Isac,Brännström,C,29,435,0,0,0,0,0
0,0,20,Jack,Connolly,C,74,1110,0,0,0,0,0
0,0,10,Einar,Emanuelsson,RF,89,1335,0,0,0,0,0
0,0,32,Oscar,Engsund ,D,87,1305,0,0,0,0,0
0,0,71,Linus,Fröberg,C,100,1500,0,0,0,0,0
0,0,29,Erik,Gustafsson ,D,39,585,0,0,0,0,0
0,0,60,Julius,Honka,D,5,75,0,0,0,0,0
0,0,19,Mario,Kempe,C,83,1245,0,0,0,0,0
0,0,67,Konstantin,Komarek,C,35,525,0,0,0,0,0
0,0,47,Leo,Komarov,LF,40,600,0,0,0,0,0
0,0,34,Joel,Lassinantti,G,56,840,0,0,0,0,0
0,0,15,Carl,Mattsson,C,69,1035,0,0,0,0,0
0,0,38,Olli,Nikupeteri,LF,29,435,0,0,0,0,0
0,0,16,Niklas,Olausson,C,31,465,0,0,0,0,0
0,0,55,Filip,Pyrochta,D,17,255,0,0,0,0,0
0,0,88,Joonas,Rask,RF,93,1395,0,0,0,0,0
0,0,40,Tomi,Sallinen,C,9,135,0,0,0,0,0
0,0,23,Jesper,Sellgren,D,89,1335,0,0,0,0,0
0,0,24,Brendan,Shinnimin,C,79,1185,0,0,0,0,0
0,0,39,Pontus,Själin,D,58,870,0,0,0,0,0
0,0,21,Juhani,Tyrväinen ,C,90,1350,0,0,0,0,0
0,0,31,Matteus,Ward,G,24,360,0,0,0,0,0
0,0,90,Lance,Bouma,F,5,75,0,0,0,0,0
0,0,23,Christoffer,Forsberg ,F,98,1470,0,0,0,0,0
0,0,63,Fredrik,Händemark ,F,50,750,0,0,0,0,0
0,0,6,Theodor,Johnsson,D,22,330,0,0,0,0,0
0,0,16,Matias,Lassen,D,35,525,0,0,0,0,0
0,0,11,Markus,Lauridsen,D,63,945,0,0,0,0,0
0,0,7,Oliver,Lauridsen,D,84,1260,0,0,0,0,0
0,0,14,Carl-Johan,Lerby,D,10,150,0,0,0,0,0
0,0,72,Daniel,Marmenlind,G,20,300,0,0,0,0,0
0,0,31,Brandon,Maxwell,G,63,945,0,0,0,0,0
0,0,73,Adam,Ollas,D,28,420,0,0,0,0,0
0,0,8,Johan,Olofsson,F,20,300,0,0,0,0,0
0,0,95,Carl,Persson,F,37,555,0,0,0,0,0
0,0,9,Kim,Rosdahl,RF,74,1110,0,0,0,0,0
0,0,47,Joakim,Ryan,D,19,285,0,0,0,0,0
0,0,26,Thomas,Schemitsch,D,9,135,0,0,0,0,0
0,0,34,Carl,Söderberg,F,98,1470,0,0,0,0,0
0,0,51,Emil,Sylvegård ,F,18,270,0,0,0,0,0
0,0,18,Marcus,Sylvegård,F,86,1290,0,0,0,0,0
0,0,3,Nuutti,Viitasalo,D,45,675,0,0,0,0,0
0,0,10,William,von,F,14,210,0,0,0,0,0
0,0,24,Anton,Wahlberg,C,50,750,0,0,0,0,0
0,0,96,Lukas,Wernblom,F,60,900,0,0,0,0,0
0,0,35,Adam,Werner,G,25,375,0,0,0,0,0
0,0,17,Pathrik,Westerholm,F,72,1080,0,0,0,0,0
0,0,27,Ponthus,Westerholm,F,60,900,0,0,0,0,0
0,0,28,Anton,Bengtsson ,C,43,645,0,0,0,0,0
0,0,90,Ted,Brithén,C,4,60,0,0,0,0,0
0,0,70,Calle,Clang,G,72,1080,0,0,0,0,0
0,0,34,Adam,Edström,C,83,1245,0,0,0,0,0
0,0,18,Dennis,Everberg ,RF,52,780,0,0,0,0,0
0,0,12,Brady,Ferguson ,LF,41,615,0,0,0,0,0
0,0,10,Simon,Hjalmarsson,LF,18,270,0,0,0,0,0
0,0,22,Samuel,Jonsson,D,13,195,0,0,0,0,0
0,0,3,Michael,Kapla,D,17,255,0,0,0,0,0
0,0,24,Marco,Kasper,C,60,900,0,0,0,0,0
0,0,61,Ludvig,Larsson,C,49,735,0,0,0,0,0
0,0,7,Erlend,Lesund ,D,27,405,0,0,0,0,0
0,0,57,Vojt?ch,Mozík,D,58,870,0,0,0,0,0
0,0,17,Felix,Nilsson,C,39,585,0,0,0,0,0
0,0,32,Oskar,Pettersson,RF,67,1005,0,0,0,0,0
0,0,65,Christoffer,Rifalk,G,79,1185,0,0,0,0,0
0,0,8,Linus,Sandin,RF,100,1500,0,0,0,0,0
0,0,83,Riley,Sheen,LF,26,390,0,0,0,0,0
0,0,27,Linus,Sjödin,C,98,1470,0,0,0,0,0
0,0,40,Oskar,Stål,RF,10,150,0,0,0,0,0
0,0,6,Tony,Sund,D,23,345,0,0,0,0,0
0,0,91,Adam,Tambellini,LF,87,1305,0,0,0,0,0
0,0,23,Oliver,Tärnström,C,5,75,0,0,0,0,0
0,0,16,Valtteri,Viljanen,D,84,1260,0,0,0,0,0
0,0,54,William,Wallinder,D,82,1230,0,0,0,0,0
0,0,72,Daniel,Zaar,RF,80,1200,0,0,0,0,0
0,0,6,Måns,Forsfjäll,D,1,15,0,0,0,0,0
0,0,33,Zeb,Forsfjäll,C,85,1275,0,0,0,0,0
0,0,8,Petter,Granberg,D,5,75,0,0,0,0,0
0,0,2,Linus,Högberg,D,53,795,0,0,0,0,0
0,0,96,Rickard,Hugg,C,94,1410,0,0,0,0,0
0,0,22,Jonathan,Johnson,C,35,525,0,0,0,0,0
0,0,9,Theo,Keilin,C,47,705,0,0,0,0,0
0,0,34,Tom,Kühnhackl,LF,31,465,0,0,0,0,0
0,0,11,Max,Lindholm,C,58,870,0,0,0,0,0
0,0,17,Pär,Lindholm ,C,12,180,0,0,0,0,0
0,0,30,Gustaf,Lindvall,G,41,615,0,0,0,0,0
0,0,10,Joakim,Lindström ,C,51,765,0,0,0,0,0
0,0,16,Linus,Lindström,C,35,525,0,0,0,0,0
0,0,52,Arvid,Lundberg,D,87,1305,0,0,0,0,0
0,0,23,Adam,Mascherin,LF,58,870,0,0,0,0,0
0,0,45,Oscar,Möller ,RF,7,105,0,0,0,0,0
0,0,58,Oskar,Nilsson,D,47,705,0,0,0,0,0
0,0,56,Anton,Olsson,D,63,945,0,0,0,0,0
0,0,64,Jonathan,Pudas ,D,77,1155,0,0,0,0,0
0,0,44,Elias,Salomonsson,D,58,870,0,0,0,0,0
0,0,43,Filip,Sandberg,C,82,1230,0,0,0,0,0
0,0,5,Axel,Sandin-Pellikka,D,74,1110,0,0,0,0,0
0,0,32,Linus,Söderström,G,89,1335,0,0,0,0,0
0,0,24,Elias,Stenman,C,45,675,0,0,0,0,0
0,0,29,Albin,Sundsvik,C,5,75,0,0,0,0,0
0,0,50,Frans,Tuohimaa,G,59,885,0,0,0,0,0
0,0,40,Andreas,Wingerli,LF,59,885,0,0,0,0,0
0,0,62,Manuel,Ågren,LF,83,1245,0,0,0,0,0
0,0,70,Adam,Åhman,G,2,30,0,0,0,0,0
0,0,32,Lukas,Bengtsson,D,17,255,0,0,0,0,0
0,0,86,Joachim,Blichfeld,RF,89,1335,0,0,0,0,0
0,0,2,Oskar,Cederqvist,C,94,1410,0,0,0,0,0
0,0,8,Ludvig,Claesson,D,76,1140,0,0,0,0,0
0,0,21,Brian,Cooper,D,37,555,0,0,0,0,0
0,0,37,Glen,Gustafsson,C,61,915,0,0,0,0,0
0,0,28,Hugo,Gustafsson,C,100,1500,0,0,0,0,0
0,0,7,Hardy,Häman,D,71,1065,0,0,0,0,0
0,0,89,Jayden,Halbgewachs,LF,75,1125,0,0,0,0,0
0,0,60,Erik,Josefsson ,C,19,285,0,0,0,0,0
0,0,26,Joel,Kellman,C,72,1080,0,0,0,0,0
0,0,55,Miika,Koivisto,D,91,1365,0,0,0,0,0
0,0,11,Kalle,Kossila,C,46,690,0,0,0,0,0
0,0,19,Amil,Krupic,D,85,1275,0,0,0,0,0
0,0,33,Emil,Larmi,G,52,780,0,0,0,0,0
0,0,4,Keegan,Lowe,D,5,75,0,0,0,0,0
0,0,27,Martin,Lundberg ,F,83,1245,0,0,0,0,0
0,0,41,Ludvig,Nilsson,LF,62,930,0,0,0,0,0
0,0,94,Joel,Persson ,D,71,1065,0,0,0,0,0
0,0,22,Tobias,Rieder,C,43,645,0,0,0,0,0
0,0,87,Robert,Rosén ,C,29,435,0,0,0,0,0
0,0,15,Dan,Sexton,RF,23,345,0,0,0,0,0
0,0,46,Jakub,Štancl,LF,51,765,0,0,0,0,0
0,0,9,Victor,Stjernborg,C/LF,77,1155,0,0,0,0,0
0,0,18,Rodrigo,?bols ,C,34,510,0,0,0,0,0
0,0,31,Jonas,Arntzen,G,15,225,0,0,0,0,0
0,0,5,Gustav,Backström ,D,87,1305,0,0,0,0,0
0,0,6,Filip,Berglund,D,63,945,0,0,0,0,0
0,0,86,Mathias,Bromé ,LF,74,1110,0,0,0,0,0
0,0,91,Leo,Carlsson,C,2,30,0,0,0,0,0
0,0,73,Oliver,Eklind,C,16,240,0,0,0,0,0
0,0,40,Elias,Ekström,LF,80,1200,0,0,0,0,0
0,0,1,Jhonas,Enroth,G,10,150,0,0,0,0,0
0,0,7,Marcus,Hardegård,D,89,1335,0,0,0,0,0
0,0,25,Philip,Holm,D,10,150,0,0,0,0,0
0,0,4,Joshua,Karlsson,D,33,495,0,0,0,0,0
0,0,24,Jani,Lajunen ,C,53,795,0,0,0,0,0
0,0,36,Emil,Larsson,RF,44,660,0,0,0,0,0
0,0,62,Robert,Leino,C,82,1230,0,0,0,0,0
0,0,10,Rihards,Marenis,C,74,1110,0,0,0,0,0
0,0,33,Christopher,Mastomäki,C,73,1095,0,0,0,0,0
0,0,12,Radek,Mužík,RF,71,1065,0,0,0,0,0
0,0,51,Kristian,Näkyvä,D,8,120,0,0,0,0,0
0,0,9,Niklas,Nilsson,D,32,480,0,0,0,0,0
0,0,21,Linus,Öberg,C,74,1110,0,0,0,0,0
0,0,39,Milton,Oscarson,RF,95,1425,0,0,0,0,0
0,0,26,Elias,Pettersson,D,1,15,0,0,0,0,0
0,0,2,Rasmus,Rissanen,D,17,255,0,0,0,0,0
0,0,17,William,Wikman,LF,32,480,0,0,0,0,0
0,0,37,Patrice,Bergeron ,C,70,1050,0,0,0,0,0
0,0,59,Tyler,Bertuzzi,LF,38,570,0,0,0,0,0
0,0,25,Brandon,Carlo,D,28,420,0,0,0,0,0
0,0,75,Connor,Clifton,D,37,555,0,0,0,0,0
0,0,13,Charlie,Coyle,C,26,390,0,0,0,0,0
0,0,74,Jake,DeBrusk,LF,91,1365,0,0,0,0,0
0,0,17,Nick,Foligno,LF,60,900,0,0,0,0,0
0,0,28,Derek,Forbort,D,43,645,0,0,0,0,0
0,0,11,Trent,Frederic,C,35,525,0,0,0,0,0
0,0,10,A.,J.,LF,4,60,0,0,0,0,0
0,0,48,Matt,Grzelcyk,D,90,1350,0,0,0,0,0
0,0,71,Taylor,Hall,LF,56,840,0,0,0,0,0
0,0,21,Garnet,Hathaway,RF,92,1380,0,0,0,0,0
0,0,46,David,Krejci ,C,32,480,0,0,0,0,0
0,0,94,Jakub,Lauko,C,59,885,0,0,0,0,0
0,0,27,Hampus,Lindholm,D,6,90,0,0,0,0,0
0,0,63,Brad,Marchand ,LF,47,705,0,0,0,0,0
0,0,73,Charlie,McAvoy,D,76,1140,0,0,0,0,0
0,0,92,Tomas,Nosek,C,33,495,0,0,0,0,0
0,0,81,Dmitry,Orlov,D,49,735,0,0,0,0,0
0,0,88,David,Pastrnak,RF,16,240,0,0,0,0,0
0,0,1,Jeremy,Swayman,G,95,1425,0,0,0,0,0
0,0,35,Linus,Ullmark,G,74,1110,0,0,0,0,0
0,0,18,Pavel,Zacha,C,25,375,0,0,0,0,0
0,0,67,Jakub,Zboril,D,90,1350,0,0,0,0,0
0,0,41,Craig,Anderson,G,8,120,0,0,0,0,0
0,0,78,Jacob,Bryson,D,96,1440,0,0,0,0,0
0,0,38,Kale,Clague,D,10,150,0,0,0,0,0
0,0,31,Eric,Comrie,G,84,1260,0,0,0,0,0
0,0,24,Dylan,Cozens,C,92,1380,0,0,0,0,0
0,0,26,Rasmus,Dahlin ,D,62,930,0,0,0,0,0
0,0,28,Zemgus,Girgensons ,C,99,1485,0,0,0,0,0
0,0,12,Jordan,Greenway,LF,31,465,0,0,0,0,0
0,0,29,Vinnie,Hinostroza,RF,34,510,0,0,0,0,0
0,0,10,Henri,Jokiharju,D,33,495,0,0,0,0,0
0,0,17,Tyson,Jost,C,13,195,0,0,0,0,0
0,0,19,Peyton,Krebs,C,25,375,0,0,0,0,0
0,0,27,Devon,Levi,G,79,1185,0,0,0,0,0
0,0,1,Ukko-Pekka,Luukkonen,G,47,705,0,0,0,0,0
0,0,46,Ilya,Lyubushkin,D,85,1275,0,0,0,0,0
0,0,37,Casey,Mittelstadt,C,19,285,0,0,0,0,0
0,0,21,Kyle,Okposo ,RF,22,330,0,0,0,0,0
0,0,71,Victor,Olofsson,LF,16,240,0,0,0,0,0
0,0,77,JJ,Peterka,LF,35,525,0,0,0,0,0
0,0,25,Owen,Power,D,3,45,0,0,0,0,0
0,0,22,Jack,Quinn,RF,77,1155,0,0,0,0,0
0,0,23,Mattias,Samuelsson,D,26,390,0,0,0,0,0
0,0,53,Jeff,Skinner,LF,96,1440,0,0,0,0,0
0,0,61,Riley,Stillman,D,52,780,0,0,0,0,0
0,0,72,Tage,Thompson,C,97,1455,0,0,0,0,0
0,0,89,Alex,Tuch,RF,33,495,0,0,0,0,0
0,0,20,Sebastian,Aho ,C,23,345,0,0,0,0,0
0,0,31,Frederik,Andersen,G,99,1485,0,0,0,0,0
0,0,8,Brent,Burns,D,98,1470,0,0,0,0,0
0,0,5,Jalen,Chatfield,D,30,450,0,0,0,0,0
0,0,15,Dylan,Coghlan,D,16,240,0,0,0,0,0
0,0,44,Calvin,de,D,35,525,0,0,0,0,0
0,0,18,Jack,Drury,C,83,1245,0,0,0,0,0
0,0,71,Jesper,Fast,RF,68,1020,0,0,0,0,0
0,0,51,Jake,Gardiner,D,64,960,0,0,0,0,0
0,0,41,Shayne,Gostisbehere,D,14,210,0,0,0,0,0
0,0,24,Seth,Jarvis,C,1,15,0,0,0,0,0
0,0,73,Ondrej,Kase,RF,72,1080,0,0,0,0,0
0,0,52,Pyotr,Kochetkov,G,66,990,0,0,0,0,0
0,0,82,Jesperi,Kotkaniemi,C,79,1185,0,0,0,0,0
0,0,48,Jordan,Martinook ,LF,26,390,0,0,0,0,0
0,0,88,Martin,Necas,C,24,360,0,0,0,0,0
0,0,23,Stefan,Noesen,RF,83,1245,0,0,0,0,0
0,0,67,Max,Pacioretty,LF,46,690,0,0,0,0,0
0,0,22,Brett,Pesce,D,39,585,0,0,0,0,0
0,0,13,Jesse,Puljujarvi,RF,85,1275,0,0,0,0,0
0,0,32,Antti,Raanta,G,67,1005,0,0,0,0,0
0,0,76,Brady,Skjei,D,52,780,0,0,0,0,0
0,0,74,Jaccob,Slavin ,D,7,105,0,0,0,0,0
0,0,11,Jordan,Staal ,C,35,525,0,0,0,0,0
0,0,26,Paul,Stastny,C,19,285,0,0,0,0,0
0,0,21,Derek,Stepan,C,13,195,0,0,0,0,0
0,0,37,Andrei,Svechnikov,RF,55,825,0,0,0,0,0
0,0,86,Teuvo,Teravainen,LF,67,1005,0,0,0,0,0
0,0,15,Gavin,Bayreuther,D,52,780,0,0,0,0,0
0,0,22,Jake,Bean,D,40,600,0,0,0,0,0
0,0,52,Emil,Bemstrom,RF,67,1005,0,0,0,0,0
0,0,75,Tim,Berni,D,58,870,0,0,0,0,0
0,0,77,Nick,Blankenburg,D,100,1500,0,0,0,0,0
0,0,27,Adam,Boqvist,D,99,1485,0,0,0,0,0
0,0,17,Justin,Danforth,RF,100,1500,0,0,0,0,0
0,0,19,Liam,Foudy,C,13,195,0,0,0,0,0
0,0,13,Johnny,Gaudreau,LF,78,1170,0,0,0,0,0
0,0,44,Erik,Gudbranson,D,44,660,0,0,0,0,0
0,0,31,Michael,Hutchinson,G,55,825,0,0,0,0,0
0,0,38,Boone,Jenner ,C,73,1095,0,0,0,0,0
0,0,91,Kent,Johnson,C,77,1155,0,0,0,0,0
0,0,7,Sean,Kuraly,C,3,45,0,0,0,0,0
0,0,29,Patrik,Laine,RF,78,1170,0,0,0,0,0
0,0,86,Kirill,Marchenko,RF,90,1350,0,0,0,0,0
0,0,41,Hunter,McKown,C,38,570,0,0,0,0,0
0,0,90,Elvis,Merzlikins,G,84,1260,0,0,0,0,0
0,0,24,Mathieu,Olivier,RF,39,585,0,0,0,0,0
0,0,18,Lane,Pederson,C,98,1470,0,0,0,0,0
0,0,2,Andrew,Peeke,D,23,345,0,0,0,0,0
0,0,50,Eric,Robinson,LF,54,810,0,0,0,0,0
0,0,96,Jack,Roslovic,C,32,480,0,0,0,0,0
0,0,34,Cole,Sillinger,C,3,45,0,0,0,0,0
0,0,40,Daniil,Tarasov,G,63,945,0,0,0,0,0
0,0,8,Zach,Werenski ,D,9,135,0,0,0,0,0
0,0,52,Jonatan,Berggren,LF,6,90,0,0,0,0,0
0,0,8,Ben,Chiarot,D,31,465,0,0,0,0,0
0,0,48,Alex,Chiasson,RF,74,1110,0,0,0,0,0
0,0,18,Andrew,Copp,C,17,255,0,0,0,0,0
0,0,21,Austin,Czarnik,C,17,255,0,0,0,0,0
0,0,3,Simon,Edvinsson,D,13,195,0,0,0,0,0
0,0,73,Adam,Erne,LF,74,1110,0,0,0,0,0
0,0,14,Robby,Fabbri,C,37,555,0,0,0,0,0
0,0,38,Robert,Hagg,D,24,360,0,0,0,0,0
0,0,45,Magnus,Hellberg,G,17,255,0,0,0,0,0
0,0,35,Ville,Husso,G,22,330,0,0,0,0,0
0,0,81,Dominik,Kubalik,LF,7,105,0,0,0,0,0
0,0,71,Dylan,Larkin ,C,39,585,0,0,0,0,0
0,0,28,Gustav,Lindstrom,D,21,315,0,0,0,0,0
0,0,22,Matt,Luff,RF,32,480,0,0,0,0,0
0,0,2,Olli,Maatta,D,16,240,0,0,0,0,0
0,0,82,Jordan,Oesterle,D,85,1275,0,0,0,0,0
0,0,57,David,Perron,LF,69,1035,0,0,0,0,0
0,0,43,Mark,Pysyk,D,67,1005,0,0,0,0,0
0,0,27,Michael,Rasmussen,C,11,165,0,0,0,0,0
0,0,23,Lucas,Raymond,LF,43,645,0,0,0,0,0
0,0,53,Moritz,Seider,D,96,1440,0,0,0,0,0
0,0,24,Pius,Suter,C,54,810,0,0,0,0,0
0,0,90,Joe,Veleno,C,60,900,0,0,0,0,0
0,0,96,Jake,Walman,D,28,420,0,0,0,0,0
0,0,11,Filip,Zadina,RF,57,855,0,0,0,0,0
0,0,16,Aleksander,Barkov ,C,42,630,0,0,0,0,0
0,0,9,Sam,Bennett,C,32,480,0,0,0,0,0
0,0,72,Sergei,Bobrovsky,G,15,225,0,0,0,0,0
0,0,21,Nick,Cousins,C,44,660,0,0,0,0,0
0,0,10,Anthony,Duclair,LF,82,1230,0,0,0,0,0
0,0,5,Aaron,Ekblad ,D,41,615,0,0,0,0,0
0,0,4,Casey,Fitzgerald,D,29,435,0,0,0,0,0
0,0,42,Gustav,Forsling,D,66,990,0,0,0,0,0
0,0,7,Radko,Gudas,D,62,930,0,0,0,0,0
0,0,70,Patric,Hornqvist ,RF,94,1410,0,0,0,0,0
0,0,30,Spencer,Knight,G,80,1200,0,0,0,0,0
0,0,94,Ryan,Lomberg,LF,14,210,0,0,0,0,0
0,0,15,Anton,Lundell,C,61,915,0,0,0,0,0
0,0,27,Eetu,Luostarinen,C,90,1350,0,0,0,0,0
0,0,34,Alex,Lyon,G,72,1080,0,0,0,0,0
0,0,28,Josh,Mahura,D,37,555,0,0,0,0,0
0,0,62,Brandon,Montour,D,70,1050,0,0,0,0,0
0,0,13,Sam,Reinhart,C,79,1185,0,0,0,0,0
0,0,54,Givani,Smith,RF,76,1140,0,0,0,0,0
0,0,12,Eric,Staal,C,91,1365,0,0,0,0,0
0,0,18,Marc,Staal,D,38,570,0,0,0,0,0
0,0,19,Matthew,Tkachuk ,LF,28,420,0,0,0,0,0
0,0,23,Carter,Verhaeghe,C,20,300,0,0,0,0,0
0,0,6,Colin,White,C,53,795,0,0,0,0,0
0,0,34,Jake,Allen,G,13,195,0,0,0,0,0
0,0,17,Josh,Anderson,RF,85,1275,0,0,0,0,0
0,0,40,Joel,Armia,RF,81,1215,0,0,0,0,0
0,0,52,Justin,Barron,D,52,780,0,0,0,0,0
0,0,60,Alex,Belzile,RF,88,1320,0,0,0,0,0
0,0,41,Paul,Byron,LF,78,1170,0,0,0,0,0
0,0,22,Cole,Caufield,RF,74,1110,0,0,0,0,0
0,0,77,Kirby,Dach,C,78,1170,0,0,0,0,0
0,0,27,Jonathan,Drouin,LF,58,870,0,0,0,0,0
0,0,28,Christian,Dvorak,C,79,1185,0,0,0,0,0
0,0,44,Joel,Edmundson ,D,93,1395,0,0,0,0,0
0,0,71,Jake,Evans,C,93,1395,0,0,0,0,0
0,0,11,Brendan,Gallagher ,RF,47,705,0,0,0,0,0
0,0,21,Kaiden,Guhle,D,83,1245,0,0,0,0,0
0,0,25,Denis,Gurianov,RF,98,1470,0,0,0,0,0
0,0,54,Jordan,Harris,D,83,1245,0,0,0,0,0
0,0,49,Rafael,Harvey-Pinard,LF,33,495,0,0,0,0,0
0,0,68,Mike,Hoffman,LF,38,570,0,0,0,0,0
0,0,26,Johnathan,Kovacevic,D,30,450,0,0,0,0,0
0,0,8,Mike,Matheson,D,73,1095,0,0,0,0,0
0,0,91,Sean,Monahan,C,66,990,0,0,0,0,0
0,0,35,Sam,Montembeault,G,24,360,0,0,0,0,0
0,0,55,Michael,Pezzetta,LF,91,1365,0,0,0,0,0
0,0,32,Rem,Pitlick,C,67,1005,0,0,0,0,0
0,0,31,Carey,Price,G,3,45,0,0,0,0,0
0,0,58,David,Savard,D,75,1125,0,0,0,0,0
0,0,20,Juraj,Slafkovsky,LF,79,1185,0,0,0,0,0
0,0,14,Nick,Suzuki ,C,64,960,0,0,0,0,0
0,0,67,Chris,Tierney,C,70,1050,0,0,0,0,0
0,0,6,Chris,Wideman,D,55,825,0,0,0,0,0
0,0,72,Arber,Xhekaj,D,20,300,0,0,0,0,0
0,0,56,Jesse,Ylonen,RF,46,690,0,0,0,0,0
0,0,88,Kevin,Bahl,D,29,435,0,0,0,0,0
0,0,14,Nathan,Bastian,RF,41,615,0,0,0,0,0
0,0,45,Jonathan,Bernier,G,41,615,0,0,0,0,0
0,0,29,Mackenzie,Blackwood,G,99,1485,0,0,0,0,0
0,0,70,Jesper,Boqvist,LF,52,780,0,0,0,0,0
0,0,63,Jesper,Bratt,LF,91,1365,0,0,0,0,0
0,0,25,Nolan,Foote,LF,83,1245,0,0,0,0,0
0,0,33,Ryan,Graves,D,4,60,0,0,0,0,0
0,0,7,Dougie,Hamilton,D,84,1260,0,0,0,0,0
0,0,56,Erik,Haula,LF,13,195,0,0,0,0,0
0,0,13,Nico,Hischier ,C,22,330,0,0,0,0,0
0,0,86,Jack,Hughes ,C,64,960,0,0,0,0,0
0,0,42,Curtis,Lazar,C,4,60,0,0,0,0,0
0,0,6,John,Marino,D,23,345,0,0,0,0,0
0,0,20,Michael,McLeod,C,85,1275,0,0,0,0,0
0,0,96,Timo,Meier,LF,20,300,0,0,0,0,0
0,0,91,Dawson,Mercer,C,4,60,0,0,0,0,0
0,0,18,Ondrej,Palat ,LF,10,150,0,0,0,0,0
0,0,40,Akira,Schmid,G,11,165,0,0,0,0,0
0,0,28,Damon,Severson,D,83,1245,0,0,0,0,0
0,0,17,Yegor,Sharangovich,C/LF,95,1425,0,0,0,0,0
0,0,71,Jonas,Siegenthaler,D,74,1110,0,0,0,0,0
0,0,2,Brendan,Smith,D,77,1155,0,0,0,0,0
0,0,90,Tomas,Tatar,LF,73,1095,0,0,0,0,0
0,0,41,Vitek,Vanecek,G,27,405,0,0,0,0,0
0,0,44,Miles,Wood,LF,16,240,0,0,0,0,0
0,0,25,Sebastian,Aho,D,99,1485,0,0,0,0,0
0,0,12,Josh,Bailey ,RF,65,975,0,0,0,0,0
0,0,13,Mathew,Barzal,C,17,255,0,0,0,0,0
0,0,4,Samuel,Bolduc,D,60,900,0,0,0,0,0
0,0,53,Casey,Cizikas,C,45,675,0,0,0,0,0
0,0,15,Cal,Clutterbuck ,RF,39,585,0,0,0,0,0
0,0,8,Noah,Dobson,D,61,915,0,0,0,0,0
0,0,18,Pierre,Engvall,LF,34,510,0,0,0,0,0
0,0,20,Hudson,Fasching,RF,38,570,0,0,0,0,0
0,0,10,Simon,Holmstrom,RF,93,1395,0,0,0,0,0
0,0,14,Bo,Horvat,C,70,1050,0,0,0,0,0
0,0,32,Ross,Johnston,LF,1,15,0,0,0,0,0
0,0,27,Anders,Lee ,LF,47,705,0,0,0,0,0
0,0,17,Matt,Martin,LF,34,510,0,0,0,0,0
0,0,24,Scott,Mayfield,D,61,915,0,0,0,0,0
0,0,29,Brock,Nelson,LF,82,1230,0,0,0,0,0
0,0,44,Jean-Gabriel,Pageau,C,98,1470,0,0,0,0,0
0,0,21,Kyle,Palmieri,RF,33,495,0,0,0,0,0
0,0,11,Zach,Parise,LF,65,975,0,0,0,0,0
0,0,3,Adam,Pelech,D,93,1395,0,0,0,0,0
0,0,6,Ryan,Pulock,D,98,1470,0,0,0,0,0
0,0,28,Alexander,Romanov,D,4,60,0,0,0,0,0
0,0,30,Ilya,Sorokin,G,50,750,0,0,0,0,0
0,0,40,Semyon,Varlamov,G,47,705,0,0,0,0,0
0,0,26,Oliver,Wahlstrom,RF,44,660,0,0,0,0,0
0,0,38,Parker,Wotherspoon,D,4,60,0,0,0,0,0
0,0,72,Filip,Chytil,C,54,810,0,0,0,0,0
0,0,23,Adam,Fox,D,89,1335,0,0,0,0,0
0,0,21,Barclay,Goodrow ,C/RF,83,1245,0,0,0,0,0
0,0,41,Jaroslav,Halak,G,95,1425,0,0,0,0,0
0,0,5,Ben,Harpur,D,98,1470,0,0,0,0,0
0,0,24,Kaapo,Kakko,RF,75,1125,0,0,0,0,0
0,0,88,Patrick,Kane,RF,54,810,0,0,0,0,0
0,0,20,Chris,Kreider ,LF,20,300,0,0,0,0,0
0,0,13,Alexis,Lafreniere,LF,21,315,0,0,0,0,0
0,0,55,Ryan,Lindgren,D,58,870,0,0,0,0,0
0,0,77,Niko,Mikkola,D,31,465,0,0,0,0,0
0,0,79,K'Andre,Miller,D,11,165,0,0,0,0,0
0,0,14,Tyler,Motte,C/LF,20,300,0,0,0,0,0
0,0,10,Artemi,Panarin ,LF,28,420,0,0,0,0,0
0,0,4,Braden,Schneider,D,51,765,0,0,0,0,0
0,0,31,Igor,Shesterkin,G,6,90,0,0,0,0,0
0,0,91,Vladimir,Tarasenko,RF,84,1260,0,0,0,0,0
0,0,16,Vincent,Trocheck,C,45,675,0,0,0,0,0
0,0,8,Jacob,Trouba ,D,66,990,0,0,0,0,0
0,0,26,Jimmy,Vesey,LF,66,990,0,0,0,0,0
0,0,93,Mika,Zibanejad ,C,40,600,0,0,0,0,0
0,0,19,Drake,Batherson,RF,66,990,0,0,0,0,0
0,0,26,Erik,Brannstrom,D,17,255,0,0,0,0,0
0,0,61,Derick,Brassard,C,61,915,0,0,0,0,0
0,0,38,Patrick,Brown,C,32,480,0,0,0,0,0
0,0,72,Thomas,Chabot ,D,36,540,0,0,0,0,0
0,0,6,Jakob,Chychrun,D,76,1140,0,0,0,0,0
0,0,12,Alex,DeBrincat,LF,1,15,0,0,0,0,0
0,0,50,Dylan,Ferguson,G,68,1020,0,0,0,0,0
0,0,31,Anton,Forsberg,G,63,945,0,0,0,0,0
0,0,27,Dylan,Gambrell,C/RF,79,1185,0,0,0,0,0
0,0,77,Julien,Gauthier,RF,82,1230,0,0,0,0,0
0,0,28,Claude,Giroux ,RF,85,1275,0,0,0,0,0
0,0,17,Ridly,Greig,C,31,465,0,0,0,0,0
0,0,23,Travis,Hamonic,D,66,990,0,0,0,0,0
0,0,5,Nick,Holden,D,27,405,0,0,0,0,0
0,0,21,Mathieu,Joseph,RF,23,345,0,0,0,0,0
0,0,47,Mark,Kastelic,C,5,75,0,0,0,0,0
0,0,45,Parker,Kelly,C,16,240,0,0,0,0,0
0,0,70,Kevin,Mandolese,G,30,450,0,0,0,0,0
0,0,9,Josh,Norris,C,73,1095,0,0,0,0,0
0,0,57,Shane,Pinto,C,95,1425,0,0,0,0,0
0,0,85,Jake,Sanderson,D,67,1005,0,0,0,0,0
0,0,40,Mads,Sogaard,G,89,1335,0,0,0,0,0
0,0,18,Tim,Stuetzle,LF,90,1350,0,0,0,0,0
0,0,33,Cam,Talbot,G,51,765,0,0,0,0,0
0,0,7,Brady,Tkachuk ,LF,12,180,0,0,0,0,0
0,0,16,Austin,Watson,RF,78,1170,0,0,0,0,0
0,0,2,Artem,Zub,D,71,1065,0,0,0,0,0
0,0,57,Wade,Allison,RF,40,600,0,0,0,0,0
0,0,89,Cam,Atkinson,RF,40,600,0,0,0,0,0
0,0,20,Kieffer,Bellows,LF,89,1335,0,0,0,0,0
0,0,61,Justin,Braun,D,40,600,0,0,0,0,0
0,0,49,Noah,Cates,LF,67,1005,0,0,0,0,0
0,0,14,Sean,Couturier ,C,42,630,0,0,0,0,0
0,0,77,Tony,DeAngelo,D,68,1020,0,0,0,0,0
0,0,44,Nicolas,Deslauriers,LF,37,555,0,0,0,0,0
0,0,94,Ryan,Ellis,D,55,825,0,0,0,0,0
0,0,86,Joel,Farabee,LF,24,360,0,0,0,0,0
0,0,52,Tyson,Foerster,C,52,780,0,0,0,0,0
0,0,48,Morgan,Frost,C,10,150,0,0,0,0,0
0,0,79,Carter,Hart,G,31,465,0,0,0,0,0
0,0,13,Kevin,Hayes,C,80,1200,0,0,0,0,0
0,0,11,Travis,Konecny,RF,42,630,0,0,0,0,0
0,0,58,Tanner,Laczynski,C,38,570,0,0,0,0,0
0,0,21,Scott,Laughton ,C,37,555,0,0,0,0,0
0,0,22,Brendan,Lemieux,LF,53,795,0,0,0,0,0
0,0,9,Ivan,Provorov,D,5,75,0,0,0,0,0
0,0,55,Rasmus,Ristolainen,D,82,1230,0,0,0,0,0
0,0,32,Felix,Sandstrom,G,26,390,0,0,0,0,0
0,0,6,Travis,Sanheim,D,95,1425,0,0,0,0,0
0,0,24,Nick,Seeler,D,86,1290,0,0,0,0,0
0,0,74,Owen,Tippett,RF,42,630,0,0,0,0,0
0,0,25,James,van,LF,19,285,0,0,0,0,0
0,0,45,Cameron,York,D,9,135,0,0,0,0,0
0,0,54,Egor,Zamula,D,61,915,0,0,0,0,0
0,0,15,Josh,Archibald,RF,33,495,0,0,0,0,0
0,0,13,Nick,Bonino,C,2,30,0,0,0,0,0
0,0,77,Jeff,Carter,C/RF,27,405,0,0,0,0,0
0,0,87,Sidney,Crosby ,C,81,1215,0,0,0,0,0
0,0,1,Casey,DeSmith,G,98,1470,0,0,0,0,0
0,0,8,Brian,Dumoulin,D,63,945,0,0,0,0,0
0,0,4,Taylor,Fedun,D,18,270,0,0,0,0,0
0,0,52,Mark,Friedman,D,100,1500,0,0,0,0,0
0,0,64,Mikael,Granlund,C/RF,67,1005,0,0,0,0,0
0,0,59,Jake,Guentzel,LF,68,1020,0,0,0,0,0
0,0,43,Danton,Heinen,W,32,480,0,0,0,0,0
0,0,35,Tristan,Jarry,G,59,885,0,0,0,0,0
0,0,73,Pierre-Olivier,Joseph,D,70,1050,0,0,0,0,0
0,0,7,Dmitry,Kulikov,D,90,1350,0,0,0,0,0
0,0,58,Kris,Letang ,D,34,510,0,0,0,0,0
0,0,71,Evgeni,Malkin ,C,54,810,0,0,0,0,0
0,0,19,Alexander,Nylander,RF,79,1185,0,0,0,0,0
0,0,10,Drew,O'Connor,LF/C,43,645,0,0,0,0,0
0,0,28,Marcus,Pettersson,D,14,210,0,0,0,0,0
0,0,26,Jeff,Petry,D,79,1185,0,0,0,0,0
0,0,25,Ryan,Poehling,C/LF,61,915,0,0,0,0,0
0,0,67,Rickard,Rakell,RF,95,1425,0,0,0,0,0
0,0,2,Chad,Ruhwedel,D,83,1245,0,0,0,0,0
0,0,17,Bryan,Rust,RF,16,240,0,0,0,0,0
0,0,44,Jan,Rutta,D,90,1350,0,0,0,0,0
0,0,16,Jason,Zucker,LF,73,1095,0,0,0,0,0
0,0,41,Pierre-Edouard,Bellemare,C,69,1035,0,0,0,0,0
0,0,24,Zach,Bogosian,D,35,525,0,0,0,0,0
0,0,81,Erik,Cernak,D,93,1395,0,0,0,0,0
0,0,71,Anthony,Cirelli,C,48,720,0,0,0,0,0
0,0,28,Ian,Cole,D,39,585,0,0,0,0,0
0,0,79,Ross,Colton,C,65,975,0,0,0,0,0
0,0,1,Brian,Elliott,G,5,75,0,0,0,0,0
0,0,23,Mikey,Eyssimont,LF,61,915,0,0,0,0,0
0,0,7,Haydn,Fleury,D,70,1050,0,0,0,0,0
0,0,38,Brandon,Hagel,LF,61,915,0,0,0,0,0
0,0,77,Victor,Hedman ,D,38,570,0,0,0,0,0
0,0,84,Tanner,Jeannot,LF,7,105,0,0,0,0,0
0,0,17,Alex,Killorn ,C,3,45,0,0,0,0,0
0,0,86,Nikita,Kucherov,RF,64,960,0,0,0,0,0
0,0,14,Patrick,Maroon,LF,19,285,0,0,0,0,0
0,0,20,Nick,Paul,LF,73,1095,0,0,0,0,0
0,0,48,Nick,Perbix,D,21,315,0,0,0,0,0
0,0,10,Corey,Perry,RF,54,810,0,0,0,0,0
0,0,21,Brayden,Point,C,72,1080,0,0,0,0,0
0,0,43,Darren,Raddysh,D,44,660,0,0,0,0,0
0,0,98,Mikhail,Sergachev,D,98,1470,0,0,0,0,0
0,0,91,Steven,Stamkos ,C/RF,72,1080,0,0,0,0,0
0,0,88,Andrei,Vasilevskiy,G,38,570,0,0,0,0,0
0,0,52,Noel,Acciari,C,14,210,0,0,0,0,0
0,0,12,Zach,Aston-Reese,LF,27,405,0,0,0,0,0
0,0,78,T.J.,Brodie,D,46,690,0,0,0,0,0
0,0,58,Michael,Bunting,LF,66,990,0,0,0,0,0
0,0,48,Carl,Dahlstrom,D,19,285,0,0,0,0,0
0,0,55,Mark,Giordano,D,97,1455,0,0,0,0,0
0,0,56,Erik,Gustafsson,D,20,300,0,0,0,0,0
0,0,3,Justin,Holl,D,75,1125,0,0,0,0,0
0,0,19,Calle,Jarnkrok,RF,50,750,0,0,0,0,0
0,0,64,David,Kampf,C,84,1260,0,0,0,0,0
0,0,15,Alexander,Kerfoot,C,47,705,0,0,0,0,0
0,0,28,Sam,Lafferty,C,29,435,0,0,0,0,0
0,0,37,Timothy,Liljegren,D,51,765,0,0,0,0,0
0,0,16,Mitch,Marner ,RF,71,1065,0,0,0,0,0
0,0,34,Auston,Matthews ,C,98,1470,0,0,0,0,0
0,0,22,Jake,McCabe,D,70,1050,0,0,0,0,0
0,0,74,Bobby,McMann,C,89,1335,0,0,0,0,0
0,0,98,Victor,Mete,D,92,1380,0,0,0,0,0
0,0,30,Matt,Murray,G,41,615,0,0,0,0,0
0,0,8,Jake,Muzzin ,D,28,420,0,0,0,0,0
0,0,88,William,Nylander,RF,78,1170,0,0,0,0,0
0,0,90,Ryan,O'Reilly,C,80,1200,0,0,0,0,0
0,0,44,Morgan,Rielly ,D,91,1365,0,0,0,0,0
0,0,89,Nick,Robertson,LF,55,825,0,0,0,0,0
0,0,35,Ilya,Samsonov,G,100,1500,0,0,0,0,0
0,0,2,Luke,Schenn,D,51,765,0,0,0,0,0
0,0,24,Wayne,Simmonds,RF,1,15,0,0,0,0,0
0,0,91,John,Tavares ,C,25,375,0,0,0,0,0
0,0,25,Conor,Timmins,D,78,1170,0,0,0,0,0
0,0,27,Alexander,Alexeyev,D,22,330,0,0,0,0,0
0,0,96,Nicolas,Aube-Kubel,RF,28,420,0,0,0,0,0
0,0,19,Nicklas,Backstrom ,C,83,1245,0,0,0,0,0
0,0,28,Connor,Brown,RF,80,1200,0,0,0,0,0
0,0,74,John,Carlson ,D,10,150,0,0,0,0,0
0,0,18,Gabriel,Carlsson,D,41,615,0,0,0,0,0
0,0,26,Nic,Dowd,C,63,945,0,0,0,0,0
0,0,42,Martin,Fehervary,D,96,1440,0,0,0,0,0
0,0,60,Zachary,Fucale,G,58,870,0,0,0,0,0
0,0,62,Carl,Hagelin,LF,44,660,0,0,0,0,0
0,0,52,Matt,Irwin,D,20,300,0,0,0,0,0
0,0,3,Nick,Jensen,D,82,1230,0,0,0,0,0
0,0,35,Darcy,Kuemper,G,4,60,0,0,0,0,0
0,0,92,Evgeny,Kuznetsov,C,59,885,0,0,0,0,0
0,0,79,Charlie,Lindgren,G,81,1215,0,0,0,0,0
0,0,39,Anthony,Mantha,RF,60,900,0,0,0,0,0
0,0,15,Sonny,Milano,LF,22,330,0,0,0,0,0
0,0,77,T.J.,Oshie,RF,100,1500,0,0,0,0,0
0,0,8,Alexander,Ovechkin ,LF,14,210,0,0,0,0,0
0,0,59,Aliaksei,Protas,C,70,1050,0,0,0,0,0
0,0,38,Rasmus,Sandin,D,97,1455,0,0,0,0,0
0,0,73,Conor,Sheary,LF,71,1065,0,0,0,0,0
0,0,16,Craig,Smith,RF,66,990,0,0,0,0,0
0,0,17,Dylan,Strome,C,32,480,0,0,0,0,0
0,0,57,Trevor,van,D,6,90,0,0,0,0,0
0,0,43,Tom,Wilson,RF,49,735,0,0,0,0,0
0,0,28,Nathan,Beaulieu,D,39,585,0,0,0,0,0
0,0,13,Simon,Benoit,D,24,360,0,0,0,0,0
0,0,39,Sam,Carrick,C,88,1320,0,0,0,0,0
0,0,44,Max,Comtois,LF,69,1035,0,0,0,0,0
0,0,1,Lukas,Dostal,G,80,1200,0,0,0,0,0
0,0,6,Jamie,Drysdale,D,44,660,0,0,0,0,0
0,0,4,Cam,Fowler ,D,94,1410,0,0,0,0,0
0,0,36,John,Gibson,G,41,615,0,0,0,0,0
0,0,38,Derek,Grant,C,77,1155,0,0,0,0,0
0,0,17,Scott,Harrington,D,91,1365,0,0,0,0,0
0,0,14,Adam,Henrique ,C,58,870,0,0,0,0,0
0,0,49,Max,Jones,LF,90,1350,0,0,0,0,0
0,0,20,Brett,Leason,RF,97,1455,0,0,0,0,0
0,0,21,Isac,Lundestrom,C,76,1140,0,0,0,0,0
0,0,26,Brock,McGinn,LF,71,1065,0,0,0,0,0
0,0,37,Mason,McTavish,C,18,270,0,0,0,0,0
0,0,7,Jayson,Megna,C,20,300,0,0,0,0,0
0,0,2,John,Moore,D,57,855,0,0,0,0,0
0,0,62,Nikita,Nesterenko,C,50,750,0,0,0,0,0
0,0,22,Kevin,Shattenkirk,D,70,1050,0,0,0,0,0
0,0,33,Jakob,Silfverberg ,RF,89,1335,0,0,0,0,0
0,0,41,Anthony,Stolarz,G,17,255,0,0,0,0,0
0,0,16,Ryan,Strome,C,64,960,0,0,0,0,0
0,0,19,Troy,Terry,RF,36,540,0,0,0,0,0
0,0,5,Urho,Vaakanainen,D,32,480,0,0,0,0,0
0,0,77,Frank,Vatrano,RF,3,45,0,0,0,0,0
0,0,45,Colton,White,D,42,630,0,0,0,0,0
0,0,11,Trevor,Zegras,C,6,90,0,0,0,0,0
0,0,72,Travis,Boyd,C,32,480,0,0,0,0,0
0,0,3,Josh,Brown,D,77,1155,0,0,0,0,0
0,0,67,Lawson,Crouse ,LF,95,1425,0,0,0,0,0
0,0,26,Laurent,Dauphin,C,40,600,0,0,0,0,0
0,0,36,Christian,Fischer ,RF,10,150,0,0,0,0,0
0,0,29,Barrett,Hayton,C,39,585,0,0,0,0,0
0,0,39,Connor,Ingram,G,33,495,0,0,0,0,0
0,0,44,Zack,Kassian,RF,49,735,0,0,0,0,0
0,0,9,Clayton,Keller ,LF/C,4,60,0,0,0,0,0
0,0,5,Michael,Kesselring,D,59,885,0,0,0,0,0
0,0,63,Matias,Maccelli,LF,49,735,0,0,0,0,0
0,0,12,Connor,Mackey,D,55,825,0,0,0,0,0
0,0,22,Jack,McBain,C,95,1425,0,0,0,0,0
0,0,90,J.J.,Moser,D,86,1290,0,0,0,0,0
0,0,2,Patrik,Nemeth,D,85,1275,0,0,0,0,0
0,0,38,Liam,O'Brien,LF,90,1350,0,0,0,0,0
0,0,50,Ivan,Prosvetov,G,26,390,0,0,0,0,0
0,0,24,Brett,Ritchie,RF,90,1350,0,0,0,0,0
0,0,8,Nick,Schmaltz,C,4,60,0,0,0,0,0
0,0,77,Victor,Soderstrom,D,59,885,0,0,0,0,0
0,0,4,Juuso,Valimaki,D,80,1200,0,0,0,0,0
0,0,70,Karel,Vejmelka,G,67,1005,0,0,0,0,0
0,0,4,Rasmus,Andersson,D,21,315,0,0,0,0,0
0,0,11,Mikael,Backlund ,C,54,810,0,0,0,0,0
0,0,20,Blake,Coleman,C,3,45,0,0,0,0,0
0,0,29,Dillon,Dube,C,34,510,0,0,0,0,0
0,0,71,Walker,Duehr,RF,10,150,0,0,0,0,0
0,0,48,Dennis,Gilbert,D,30,450,0,0,0,0,0
0,0,55,Noah,Hanifin,D,88,1320,0,0,0,0,0
0,0,10,Jonathan,Huberdeau ,LF,71,1065,0,0,0,0,0
0,0,91,Nazem,Kadri,C,7,105,0,0,0,0,0
0,0,58,Oliver,Kylington,D,25,375,0,0,0,0,0
0,0,22,Trevor,Lewis,C,78,1170,0,0,0,0,0
0,0,28,Elias,Lindholm ,C,69,1035,0,0,0,0,0
0,0,17,Milan,Lucic,LF,53,795,0,0,0,0,0
0,0,88,Andrew,Mangiapane,LF,28,420,0,0,0,0,0
0,0,25,Jacob,Markstrom,G,1,15,0,0,0,0,0
0,0,49,Jakob,Pelletier,LF,47,705,0,0,0,0,0
0,0,27,Nick,Ritchie,LF,43,645,0,0,0,0,0
0,0,63,Adam,Ruzicka,C,22,330,0,0,0,0,0
0,0,51,Troy,Stecher,D,77,1155,0,0,0,0,0
0,0,26,Michael,Stone,D,38,570,0,0,0,0,0
0,0,8,Christopher,Tanev ,D,4,60,0,0,0,0,0
0,0,73,Tyler,Toffoli,RF,50,750,0,0,0,0,0
0,0,80,Dan,Vladar,G,12,180,0,0,0,0,0
0,0,52,MacKenzie,Weegar,D,30,450,0,0,0,0,0
0,0,16,Nikita,Zadorov,D,20,300,0,0,0,0,0
0,0,15,Joey,Anderson,RF,25,375,0,0,0,0,0
0,0,89,Andreas,Athanasiou,LF,52,780,0,0,0,0,0
0,0,24,Anders,Bjork,LF,79,1185,0,0,0,0,0
0,0,43,Colin,Blackwell,C,60,900,0,0,0,0,0
0,0,17,Jason,Dickinson,C,69,1035,0,0,0,0,0
0,0,28,Andreas,Englund,D,17,255,0,0,0,0,0
0,0,58,MacKenzie,Entwistle,RF,90,1350,0,0,0,0,0
0,0,70,Cole,Guttman,C,7,105,0,0,0,0,0
0,0,86,Mike,Hardman,RF,9,135,0,0,0,0,0
0,0,52,Reese,Johnson,RF,51,765,0,0,0,0,0
0,0,90,Tyler,Johnson,C,93,1395,0,0,0,0,0
0,0,82,Caleb,Jones,D,81,1215,0,0,0,0,0
0,0,4,Seth,Jones ,D,98,1470,0,0,0,0,0
0,0,46,Wyatt,Kaiser,D,18,270,0,0,0,0,0
0,0,14,Boris,Katchouk,LF,3,45,0,0,0,0,0
0,0,16,Jujhar,Khaira,LF,65,975,0,0,0,0,0
0,0,31,Anton,Khudobin,G,79,1185,0,0,0,0,0
0,0,23,Philipp,Kurashev,C,39,585,0,0,0,0,0
0,0,51,Ian,Mitchell,D,30,450,0,0,0,0,0
0,0,34,Petr,Mrazek,G,2,30,0,0,0,0,0
0,0,5,Connor,Murphy ,D,11,165,0,0,0,0,0
0,0,11,Taylor,Raddysh,RF,73,1095,0,0,0,0,0
0,0,27,Lukas,Reichel,LF,34,510,0,0,0,0,0
0,0,53,Buddy,Robinson,RF,56,840,0,0,0,0,0
0,0,32,Alex,Stalock,G,37,555,0,0,0,0,0
0,0,25,Jarred,Tinordi,D,90,1350,0,0,0,0,0
0,0,19,Jonathan,Toews ,C,94,1410,0,0,0,0,0
0,0,26,Austin,Wagner,LF,6,90,0,0,0,0,0
0,0,22,Nikita,Zaitsev,D,63,945,0,0,0,0,0
0,0,4,Bowen,Byram,D,78,1170,0,0,0,0,0
0,0,11,Andrew,Cogliano,LF,70,1050,0,0,0,0,0
0,0,37,J.T.,Compher,C,81,1215,0,0,0,0,0
0,0,20,Lars,Eller,C,82,1230,0,0,0,0,0
0,0,39,Pavel,Francouz,G,12,180,0,0,0,0,0
0,0,47,Alex,Galchenyuk,C,27,405,0,0,0,0,0
0,0,40,Alexandar,Georgiev,G,61,915,0,0,0,0,0
0,0,49,Sam,Girard,D,63,945,0,0,0,0,0
0,0,43,Darren,Helm,C,64,960,0,0,0,0,0
0,0,17,Brad,Hunt,D,78,1170,0,0,0,0,0
0,0,31,Jonas,Johansson,G,36,540,0,0,0,0,0
0,0,6,Erik,Johnson,D,53,795,0,0,0,0,0
0,0,3,Jack,Johnson,D,62,930,0,0,0,0,0
0,0,92,Gabriel,Landeskog ,LF,61,915,0,0,0,0,0
0,0,62,Artturi,Lehkonen,LF,6,90,0,0,0,0,0
0,0,56,Kurtis,MacDermid,D/LF,64,960,0,0,0,0,0
0,0,29,Nathan,MacKinnon ,C,90,1350,0,0,0,0,0
0,0,8,Cale,Makar,D,13,195,0,0,0,0,0
0,0,81,Denis,Malgin,C,92,1380,0,0,0,0,0
0,0,42,Josh,Manson,D,94,1410,0,0,0,0,0
0,0,18,Alex,Newhook,C,36,540,0,0,0,0,0
0,0,13,Valeri,Nichushkin,RF,41,615,0,0,0,0,0
0,0,83,Matt,Nieto,LF,27,405,0,0,0,0,0
0,0,25,Logan,O'Connor,RF,31,465,0,0,0,0,0
0,0,96,Mikko,Rantanen ,RF,45,675,0,0,0,0,0
0,0,9,Evan,Rodrigues,RF,33,495,0,0,0,0,0
0,0,7,Devon,Toews,D,13,195,0,0,0,0,0
0,0,14,Jamie,Benn ,LF,14,210,0,0,0,0,0
0,0,63,Evgenii,Dadonov,RF,28,420,0,0,0,0,0
0,0,10,Ty,Dellandrea,C,42,630,0,0,0,0,0
0,0,18,Max,Domi,LF,59,885,0,0,0,0,0
0,0,12,Radek,Faksa,C,59,885,0,0,0,0,0
0,0,11,Luke,Glendening,C,1,15,0,0,0,0,0
0,0,2,Jani,Hakanpaa,D,56,840,0,0,0,0,0
0,0,44,Joel,Hanley,D,83,1245,0,0,0,0,0
0,0,4,Miro,Heiskanen ,D,27,405,0,0,0,0,0
0,0,24,Roope,Hintz,C/LF,36,540,0,0,0,0,0
0,0,53,Wyatt,Johnston,C,90,1350,0,0,0,0,0
0,0,25,Joel,Kiviranta,LF,77,1155,0,0,0,0,0
0,0,23,Esa,Lindell ,D,99,1485,0,0,0,0,0
0,0,5,Nils,Lundkvist,D,68,1020,0,0,0,0,0
0,0,27,Mason,Marchment,LF,29,435,0,0,0,0,0
0,0,6,Colin,Miller,D,50,750,0,0,0,0,0
0,0,29,Jake,Oettinger,G,86,1290,0,0,0,0,0
0,0,42,Fredrik,Olofsson,LF,38,570,0,0,0,0,0
0,0,16,Joe,Pavelski ,RF/C,46,690,0,0,0,0,0
0,0,50,Remi,Poirier,G,81,1215,0,0,0,0,0
0,0,21,Jason,Robertson,LF,2,30,0,0,0,0,0
0,0,91,Tyler,Seguin ,C,67,1005,0,0,0,0,0
0,0,20,Ryan,Suter,D,90,1350,0,0,0,0,0
0,0,41,Scott,Wedgewood,G,35,525,0,0,0,0,0
0,0,72,Nick,Bjugstad,C,95,1425,0,0,0,0,0
0,0,2,Evan,Bouchard,D,15,225,0,0,0,0,0
0,0,86,Philip,Broberg,D,88,1320,0,0,0,0,0
0,0,36,Jack,Campbell,G,6,90,0,0,0,0,0
0,0,5,Cody,Ceci,D,90,1350,0,0,0,0,0
0,0,73,Vincent,Desharnais,D,33,495,0,0,0,0,0
0,0,29,Leon,Draisaitl ,C,72,1080,0,0,0,0,0
0,0,14,Mattias,Ekholm,D,89,1335,0,0,0,0,0
0,0,37,Warren,Foegele,LF,19,285,0,0,0,0,0
0,0,18,Zach,Hyman,LF,57,855,0,0,0,0,0
0,0,26,Mattias,Janmark,LF,6,90,0,0,0,0,0
0,0,91,Evander,Kane,LF,24,360,0,0,0,0,0
0,0,77,Oscar,Klefbom,D,7,105,0,0,0,0,0
0,0,21,Klim,Kostin,LF,52,780,0,0,0,0,0
0,0,27,Brett,Kulak,D,57,855,0,0,0,0,0
0,0,97,Connor,McDavid ,C,26,390,0,0,0,0,0
0,0,71,Ryan,McLeod,C,17,255,0,0,0,0,0
0,0,28,Ryan,Murray,D,26,390,0,0,0,0,0
0,0,93,Ryan,Nugent-Hopkins ,C,3,45,0,0,0,0,0
0,0,25,Darnell,Nurse ,D,15,225,0,0,0,0,0
0,0,10,Derek,Ryan,C,30,450,0,0,0,0,0
0,0,19,Devin,Shore,C,9,135,0,0,0,0,0
0,0,74,Stuart,Skinner,G,23,345,0,0,0,0,0
0,0,41,Mike,Smith,G,71,1065,0,0,0,0,0
0,0,56,Kailer,Yamamoto,RF,74,1110,0,0,0,0,0
0,0,44,Mikey,Anderson,D,52,780,0,0,0,0,0
0,0,28,Jaret,Anderson-Dolan,C,54,810,0,0,0,0,0
0,0,33,Viktor,Arvidsson,RF,56,840,0,0,0,0,0
0,0,55,Quinton,Byfield,C,49,735,0,0,0,0,0
0,0,29,Pheonix,Copley,G,66,990,0,0,0,0,0
0,0,24,Phillip,Danault ,C,44,660,0,0,0,0,0
0,0,8,Drew,Doughty ,D,23,345,0,0,0,0,0
0,0,50,Sean,Durzi,D,40,600,0,0,0,0,0
0,0,2,Alexander,Edler,D,67,1005,0,0,0,0,0
0,0,22,Kevin,Fiala,RF,96,1440,0,0,0,0,0
0,0,84,Vladislav,Gavrikov,D,6,90,0,0,0,0,0
0,0,91,Carl,Grundstrom,LF,89,1335,0,0,0,0,0
0,0,19,Alex,Iafallo,LF/C,91,1365,0,0,0,0,0
0,0,34,Arthur,Kaliyev,LF,14,210,0,0,0,0,0
0,0,9,Adrian,Kempe,LF,6,90,0,0,0,0,0
0,0,11,Anze,Kopitar ,C,19,285,0,0,0,0,0
0,0,70,Joonas,Korpisalo,G,62,930,0,0,0,0,0
0,0,89,Rasmus,Kupari,C,71,1065,0,0,0,0,0
0,0,46,Blake,Lizotte,C,93,1395,0,0,0,0,0
0,0,17,Zack,MacEwen,RF,8,120,0,0,0,0,0
0,0,12,Trevor,Moore,LF,37,555,0,0,0,0,0
0,0,3,Matt,Roy,D,5,75,0,0,0,0,0
0,0,53,Jordan,Spence,D,8,120,0,0,0,0,0
0,0,13,Gabriel,Vilardi,C,33,495,0,0,0,0,0
0,0,26,Sean,Walker,D,40,600,0,0,0,0,0
0,0,2,Calen,Addison,D,2,30,0,0,0,0,0
0,0,12,Matthew,Boldy,RF,38,570,0,0,0,0,0
0,0,25,Jonas,Brodin,D,3,45,0,0,0,0,0
0,0,26,Connor,Dewar,C,92,1380,0,0,0,0,0
0,0,21,Brandon,Duhaime,LF,9,135,0,0,0,0,0
0,0,24,Matt,Dumba ,D,83,1245,0,0,0,0,0
0,0,14,Joel,Eriksson,C,23,345,0,0,0,0,0
0,0,29,Marc-Andre,Fleury,G,56,840,0,0,0,0,0
0,0,17,Marcus,Foligno ,RF,42,630,0,0,0,0,0
0,0,89,Frederick,Gaudreau,C,67,1005,0,0,0,0,0
0,0,33,Alex,Goligoski,D,96,1440,0,0,0,0,0
0,0,32,Filip,Gustavsson,G,55,825,0,0,0,0,0
0,0,38,Ryan,Hartman,C,11,165,0,0,0,0,0
0,0,90,Marcus,Johansson,C,32,480,0,0,0,0,0
0,0,97,Kirill,Kaprizov,LF,64,960,0,0,0,0,0
0,0,3,John,Klingberg,D,37,555,0,0,0,0,0
0,0,4,Jon,Merrill,D,10,150,0,0,0,0,0
0,0,5,Jake,Middleton,D,63,945,0,0,0,0,0
0,0,28,Gustav,Nyquist,LF,63,945,0,0,0,0,0
0,0,75,Ryan,Reaves,RF,19,285,0,0,0,0,0
0,0,15,Mason,Shaw,C,100,1500,0,0,0,0,0
0,0,46,Jared,Spurgeon ,D,19,285,0,0,0,0,0
0,0,13,Sam,Steel,C,45,675,0,0,0,0,0
0,0,70,Oskar,Sundqvist,C,63,945,0,0,0,0,0
0,0,74,Sammy,Walker,C,7,105,0,0,0,0,0
0,0,36,Mats,Zuccarello,RF,48,720,0,0,0,0,0
0,0,70,Egor,Afanasyev,LF,14,210,0,0,0,0,0
0,0,71,Rasmus,Asplund,C,58,870,0,0,0,0,0
0,0,22,Tyson,Barrie,D,22,330,0,0,0,0,0
0,0,90,Mark,Borowiecki,D,6,90,0,0,0,0,0
0,0,45,Alexandre,Carrier,D,55,825,0,0,0,0,0
0,0,95,Matt,Duchene,C,18,270,0,0,0,0,0
0,0,77,Luke,Evangelista,RF,57,855,0,0,0,0,0
0,0,57,Dante,Fabbro,D,51,765,0,0,0,0,0
0,0,52,Cal,Foote,D,39,585,0,0,0,0,0
0,0,9,Filip,Forsberg ,LF,64,960,0,0,0,0,0
0,0,8,Cody,Glass,C,84,1260,0,0,0,0,0
0,0,46,Jordan,Gross,D,46,690,0,0,0,0,0
0,0,17,Mark,Jankowski,C,96,1440,0,0,0,0,0
0,0,92,Ryan,Johansen ,C,19,285,0,0,0,0,0
0,0,59,Roman,Josi ,D,11,165,0,0,0,0,0
0,0,32,Kevin,Lankinen,G,23,345,0,0,0,0,0
0,0,3,Jeremy,Lauzon,D,7,105,0,0,0,0,0
0,0,27,Ryan,McDonagh,D,50,750,0,0,0,0,0
0,0,82,Tommy,Novak,C,76,1140,0,0,0,0,0
0,0,75,Juuso,Parssinen,C,10,150,0,0,0,0,0
0,0,74,Juuse,Saros,G,49,735,0,0,0,0,0
0,0,44,Kiefer,Sherwood,RF,88,1320,0,0,0,0,0
0,0,10,Colton,Sissons,C,28,420,0,0,0,0,0
0,0,36,Cole,Smith,LF,58,870,0,0,0,0,0
0,0,26,Philip,Tomasino,C,95,1425,0,0,0,0,0
0,0,13,Yakov,Trenin,C,43,645,0,0,0,0,0
0,0,26,Andrew,Agozzino,C,95,1425,0,0,0,0,0
0,0,94,Alexander,Barabanov,LF,70,1050,0,0,0,0,0
0,0,5,Matt,Benning,D,54,810,0,0,0,0,0
0,0,39,Logan,Couture ,C,95,1425,0,0,0,0,0
0,0,38,Mario,Ferraro ,D,94,1410,0,0,0,0,0
0,0,42,Jonah,Gadjovich,LF,49,735,0,0,0,0,0
0,0,73,Noah,Gregor,C,17,255,0,0,0,0,0
0,0,48,Tomas,Hertl ,C,89,1335,0,0,0,0,0
0,0,18,Andreas,Johnsson,LF,86,1290,0,0,0,0,0
0,0,65,Erik,Karlsson ,D,52,780,0,0,0,0,0
0,0,36,Kaapo,Kahkonen,G,92,1380,0,0,0,0,0
0,0,87,Martin,Kaut,RF,78,1170,0,0,0,0,0
0,0,71,Nikolai,Knyzhov,D,50,750,0,0,0,0,0
0,0,11,Luke,Kunin,C,21,315,0,0,0,0,0
0,0,62,Kevin,Labanc,RF,53,795,0,0,0,0,0
0,0,23,Oskar,Lindblom,LF,70,1050,0,0,0,0,0
0,0,16,Steven,Lorentz,C,85,1275,0,0,0,0,0
0,0,9,Jacob,MacDonald,D,23,345,0,0,0,0,0
0,0,77,Markus,Nutivaara,D,89,1335,0,0,0,0,0
0,0,55,Derrick,Pouliot,D,82,1230,0,0,0,0,0
0,0,47,James,Reimer,G,14,210,0,0,0,0,0
0,0,51,Radim,Simek,D,29,435,0,0,0,0,0
0,0,7,Nico,Sturm,C,78,1170,0,0,0,0,0
0,0,10,Evgeny,Svechnikov,LF,15,225,0,0,0,0,0
0,0,44,Marc-Edouard,Vlasic,D,84,1260,0,0,0,0,0
0,0,20,Fabian,Zetterlund,LF,79,1185,0,0,0,0,0
0,0,10,Matty,Beniers,C,69,1035,0,0,0,0,0
0,0,22,Oliver,Bjorkstrand,RF,55,825,0,0,0,0,0
0,0,3,Will,Borgen,D,77,1155,0,0,0,0,0
0,0,95,Andre,Burakovsky,LF,65,975,0,0,0,0,0
0,0,35,Joey,Daccord,G,87,1305,0,0,0,0,0
0,0,9,Ryan,Donato,C,14,210,0,0,0,0,0
0,0,72,Joonas,Donskoi,RF,81,1215,0,0,0,0,0
0,0,29,Vince,Dunn,D,88,1320,0,0,0,0,0
0,0,7,Jordan,Eberle ,RF,34,510,0,0,0,0,0
0,0,8,Cale,Fleury,D,21,315,0,0,0,0,0
0,0,38,Jesper,Froden,RF,6,90,0,0,0,0,0
0,0,67,Morgan,Geekie,C,31,465,0,0,0,0,0
0,0,37,Yanni,Gourde ,C,84,1260,0,0,0,0,0
0,0,31,Philipp,Grubauer,G,25,375,0,0,0,0,0
0,0,15,John,Hayden,C,38,570,0,0,0,0,0
0,0,30,Martin,Jones,G,27,405,0,0,0,0,0
0,0,6,Adam,Larsson ,D,74,1110,0,0,0,0,0
0,0,19,Jared,McCann,C,90,1350,0,0,0,0,0
0,0,44,Jaycob,Megna,D,57,855,0,0,0,0,0
0,0,24,Jamie,Oleksiak,D,73,1095,0,0,0,0,0
0,0,17,Jaden,Schwartz ,LF,51,765,0,0,0,0,0
0,0,4,Justin,Schultz,D,45,675,0,0,0,0,0
0,0,28,Carson,Soucy,D,2,30,0,0,0,0,0
0,0,91,Daniel,Sprong,RF,90,1350,0,0,0,0,0
0,0,13,Brandon,Tanev,LF,100,1500,0,0,0,0,0
0,0,20,Eeli,Tolvanen,RF,18,270,0,0,0,0,0
0,0,21,Alexander,Wennberg,C,10,150,0,0,0,0,0
0,0,50,Jordan,Binnington,G,96,1440,0,0,0,0,0
0,0,79,Samuel,Blais,LF,6,90,0,0,0,0,0
0,0,41,Robert,Bortuzzo,D,51,765,0,0,0,0,0
0,0,22,Logan,Brown,C,56,840,0,0,0,0,0
0,0,89,Pavel,Buchnevich,LF,79,1185,0,0,0,0,0
0,0,72,Justin,Faulk,D,67,1005,0,0,0,0,0
0,0,1,Thomas,Greiss,G,70,1050,0,0,0,0,0
0,0,30,Joel,Hofer,G,52,780,0,0,0,0,0
0,0,42,Kasperi,Kapanen,RF,40,600,0,0,0,0,0
0,0,47,Torey,Krug,D,34,510,0,0,0,0,0
0,0,25,Jordan,Kyrou,C,3,45,0,0,0,0,0
0,0,4,Nick,Leddy,D,79,1185,0,0,0,0,0
0,0,17,Josh,Leivo,LF,60,900,0,0,0,0,0
0,0,63,Jake,Neighbours,LF,49,735,0,0,0,0,0
0,0,55,Colton,Parayko ,D,48,720,0,0,0,0,0
0,0,9,Tyler,Pitlick,C,1,15,0,0,0,0,0
0,0,43,Calle,Rosen,D,19,285,0,0,0,0,0
0,0,20,Brandon,Saad,LF,65,975,0,0,0,0,0
0,0,6,Marco,Scandella,D,69,1035,0,0,0,0,0
0,0,10,Brayden,Schenn ,C,10,150,0,0,0,0,0
0,0,18,Robert,Thomas,C,37,555,0,0,0,0,0
0,0,13,Alexei,Toropchenko,RF,11,165,0,0,0,0,0
0,0,15,Jakub,Vrana,LF,27,405,0,0,0,0,0
0,0,26,Nathan,Walker,LF,78,1170,0,0,0,0,0
0,0,88,Nils,Aman,C,89,1335,0,0,0,0,0
0,0,74,Ethan,Bear,D,16,240,0,0,0,0,0
0,0,72,Anthony,Beauvillier,LF,45,675,0,0,0,0,0
0,0,6,Brock,Boeser,RF,82,1230,0,0,0,0,0
0,0,55,Guillaume,Brisebois,D,14,210,0,0,0,0,0
0,0,44,Kyle,Burroughs,D,75,1125,0,0,0,0,0
0,0,60,Collin,Delia,G,72,1080,0,0,0,0,0
0,0,35,Thatcher,Demko,G,87,1305,0,0,0,0,0
0,0,24,Travis,Dermott,D,35,525,0,0,0,0,0
0,0,34,Phillip,Di,LF,41,615,0,0,0,0,0
0,0,15,Sheldon,Dries,C,20,300,0,0,0,0,0
0,0,23,Oliver,Ekman-Larsson ,D,99,1485,0,0,0,0,0
0,0,79,Micheal,Ferland,LF,54,810,0,0,0,0,0
0,0,8,Conor,Garland,RF,19,285,0,0,0,0,0
0,0,17,Filip,Hronek,D,70,1050,0,0,0,0,0
0,0,43,Quinn,Hughes ,D,74,1110,0,0,0,0,0
0,0,81,Dakota,Joshua,C,38,570,0,0,0,0,0
0,0,47,Noah,Juulsen,D,41,615,0,0,0,0,0
0,0,91,Vitali,Kravtsov,RF,39,585,0,0,0,0,0
0,0,96,Andrei,Kuzmenko,LF,63,945,0,0,0,0,0
0,0,25,Aidan,McDonough,LF,10,150,0,0,0,0,0
0,0,65,Ilya,Mikheyev,RF,24,360,0,0,0,0,0
0,0,9,J.T.,Miller,C/RF,35,525,0,0,0,0,0
0,0,57,Tyler,Myers,D,92,1380,0,0,0,0,0
0,0,70,Tanner,Pearson,LF,22,330,0,0,0,0,0
0,0,40,Elias,Pettersson ,C,67,1005,0,0,0,0,0
0,0,92,Vasily,Podkolzin,RF,96,1440,0,0,0,0,0
0,0,5,Tucker,Poolman,D,52,780,0,0,0,0,0
0,0,18,Jack,Studnicka,C,44,660,0,0,0,0,0
0,0,86,Christian,Wolanin,D,76,1140,0,0,0,0,0
0,0,22,Michael,Amadio,C,14,210,0,0,0,0,0
0,0,49,Ivan,Barbashev,C,68,1020,0,0,0,0,0
0,0,53,Teddy,Blueger,C,77,1155,0,0,0,0,0
0,0,39,Laurent,Brossoit,G,49,735,0,0,0,0,0
0,0,28,William,Carrier,LF,79,1185,0,0,0,0,0
0,0,43,Paul,Cotter,C,34,510,0,0,0,0,0
0,0,16,Pavel,Dorofeyev,C,1,15,0,0,0,0,0
0,0,9,Jack,Eichel,C,28,420,0,0,0,0,0
0,0,14,Nicolas,Hague,D,47,705,0,0,0,0,0
0,0,33,Adin,Hill,G,21,315,0,0,0,0,0
0,0,21,Brett,Howden,C,32,480,0,0,0,0,0
0,0,17,Ben,Hutton,D,18,270,0,0,0,0,0
0,0,71,William,Karlsson,C,39,585,0,0,0,0,0
0,0,8,Phil,Kessel,RF,34,510,0,0,0,0,0
0,0,55,Keegan,Kolesar,RF,33,495,0,0,0,0,0
0,0,90,Robin,Lehner,G,92,1380,0,0,0,0,0
0,0,81,Jonathan,Marchessault,C,47,705,0,0,0,0,0
0,0,23,Alec,Martinez,D,22,330,0,0,0,0,0
0,0,3,Brayden,McNabb,D,17,255,0,0,0,0,0
0,0,41,Nolan,Patrick,C,36,540,0,0,0,0,0
0,0,7,Alex,Pietrangelo ,D,69,1035,0,0,0,0,0
0,0,32,Jonathan,Quick,G,4,60,0,0,0,0,0
0,0,10,Nicolas,Roy,RF,64,960,0,0,0,0,0
0,0,19,Reilly,Smith ,RF,13,195,0,0,0,0,0
0,0,20,Chandler,Stephenson,C,20,300,0,0,0,0,0
0,0,61,Mark,Stone ,RF,72,1080,0,0,0,0,0
0,0,27,Shea,Theodore,D,40,600,0,0,0,0,0
0,0,36,Logan,Thompson,G,43,645,0,0,0,0,0
0,0,2,Zach,Whitecloud,D,67,1005,0,0,0,0,0
0,0,22,Mason,Appleton,C,55,825,0,0,0,0,0
0,0,36,Morgan,Barron,C,33,495,0,0,0,0,0
0,0,77,Kyle,Capobianco,D,37,555,0,0,0,0,0
0,0,81,Kyle,Connor,LF,59,885,0,0,0,0,0
0,0,2,Dylan,DeMelo,D,16,240,0,0,0,0,0
0,0,5,Brenden,Dillon,D,60,900,0,0,0,0,0
0,0,80,Pierre-Luc,Dubois,C,52,780,0,0,0,0,0
0,0,27,Nikolaj,Ehlers,LF,76,1140,0,0,0,0,0
0,0,89,Sam,Gagner,C,91,1365,0,0,0,0,0
0,0,19,David,Gustafsson,C,17,255,0,0,0,0,0
0,0,37,Connor,Hellebuyck,G,93,1395,0,0,0,0,0
0,0,71,Axel,Jonsson-Fjallby,LF,83,1245,0,0,0,0,0
0,0,20,Karson,Kuhlman,C,46,690,0,0,0,0,0
0,0,17,Adam,Lowry ,C,27,405,0,0,0,0,0
0,0,8,Saku,Maenalanen,LF,65,975,0,0,0,0,0
0,0,44,Josh,Morrissey ,D,34,510,0,0,0,0,0
0,0,7,Vladislav,Namestnikov,C,13,195,0,0,0,0,0
0,0,62,Nino,Niederreiter,RF,64,960,0,0,0,0,0
0,0,91,Cole,Perfetti,C,1,15,0,0,0,0,0
0,0,4,Neal,Pionk,D,79,1185,0,0,0,0,0
0,0,33,David,Rittich,G,32,480,0,0,0,0,0
0,0,54,Dylan,Samberg,D,88,1320,0,0,0,0,0
0,0,55,Mark,Scheifele ,C,48,720,0,0,0,0,0
0,0,88,Nate,Schmidt,D,25,375,0,0,0,0,0
0,0,64,Logan,Stanley,D,15,225,0,0,0,0,0
0,0,28,Kevin,Stenlund,C,20,300,0,0,0,0,0
0,0,26,Blake,Wheeler,RF,59,885,0,0,0,0,0
0,1,11,Barack,Obama,C,100,1500,0,0,0,0,0
0,1,27,Donald,Trump,RF,100,1500,0,0,0,0,0
0,1,69,Joe,Biden,G,100,1500,0,0,0,0,0
0,1,56,George,Bush,LF,100,1500,0,0,0,0,0
0,1,73,Bill,Clinton,D,100,1500,0,0,0,0,0
0,1,25,Hillary,Clinton,D,100,1500,0,0,0,0,0
